Nom; Premon; Email; Age
BIAR; Augustin; augustin.biar@gmail.com; 18
BIAR; Augustin1; augustin.biar@gmail.com; 18
BIAR; Augustin2; augustin.biar@gmail.com; 18
BIAR; Augustin3; augustin.biar@gmail.com; 18
BIAR; Augustin4; augustin.biar@gmail.com; 18
BIAR; Augustin5; augustin.biar@gmail.com; 18
BIAR; Augustin6; augustin.biar@gmail.com; 18
BIAR; Augustin7; augustin.biar@gmail.com; 18
BIAR; Augustin8; augustin.biar@gmail.com; 18
BIAR; Augustin9; augustin.biar@gmail.com; 18
Biar;Augustin;augustin.biar@gmail.com;18 
greg;reg;reg;gre 
Biar;Augustin;augustin.biar@gmail.com;18 
